[
    {"title": "登陆项", "describe": "管理每次登录时自动打开的应用程序列表。不要让您的Mac将太多性能浪费在不需要或不使用的进程上。"},
    {"title": "启动代理", "describe": "通常，这些是其他软件产品的小辅助应用程序，可以扩展其主产品的功能，但是在一些情况下，您可以考虑移除或者禁用它们"},
    {"title": "守护进程", "describe": "是一种在后台运行的特殊类型的进程，它通常在系统启动时自动启动，并且在整个系统运行期间持续存在。"}
]
